"Id","User Id","Link","Quantity","Service Id","Status","Mode","Created At"
"99816","49","https://marvin.net/aut-quis-numquam-ut-possimus-assumenda-nostrum-id.html","1150","11","1","1","425357764"
"99596","56","http://dietrich.net/","7254","11","1","1","291916679"
"99590","80","http://www.larkin.com/","2668","11","1","1","558466460"
"99478","12","http://www.legros.com/id-sequi-et-eum-et-nesciunt","7889","11","1","1","484181576"
"99239","98","http://www.renner.net/excepturi-et-eum-aut-rem.html","3602","11","1","1","547500491"
"99150","94","http://www.schoen.com/fugit-corrupti-consequuntur-maiores-id-dolorem-omnis-officiis","1130","11","1","1","90395900"
"98851","62","https://www.langworth.net/provident-architecto-vel-expedita-magnam-impedit","6276","11","1","1","595353210"
"98826","53","http://www.herman.com/","1815","11","1","1","414192974"
"98750","72","http://anderson.org/","1388","11","1","1","796031029"
"98427","6","http://www.hudson.info/nobis-ipsum-qui-molestiae-ad.html","8178","11","1","1","1367475571"
"98406","82","http://jerde.org/","4521","11","1","1","573006195"
"98344","76","http://hilpert.org/molestias-est-quas-atque-labore-aperiam-in-exercitationem.html","4605","11","1","1","1043918362"
"98210","35","https://pfeffer.com/nulla-reiciendis-vel-ut-autem-nisi.html","1594","11","1","1","1362135900"
"98151","11","http://blanda.com/fuga-cupiditate-voluptates-et-non-aut","3673","11","1","1","1512516862"
"98139","85","http://www.nikolaus.com/id-laborum-non-repellat-labore.html","3412","11","1","1","346327220"
"97957","27","http://quigley.com/iusto-adipisci-doloribus-distinctio-officia-rerum-totam","6268","11","1","1","1016991452"
"97899","73","http://rowe.org/","6507","11","1","1","56244194"
"97830","50","http://sauer.com/","779","11","1","1","1420548792"
"97776","11","https://becker.com/amet-et-aliquid-cum-aperiam-consequatur.html","7471","11","1","1","913308518"
"97714","44","http://bartell.com/ut-eius-unde-quisquam-doloremque-velit-dicta","1957","11","1","1","1454138708"
"97398","16","http://kerluke.com/","5663","11","1","1","1027999470"
"96850","96","http://www.rodriguez.com/","1619","11","1","1","34446242"
"96784","70","http://www.willms.info/","6578","11","1","1","473729841"
"96768","75","http://www.beatty.biz/","82","11","1","1","732467199"
"96670","81","http://franecki.biz/assumenda-iure-non-velit-dolorum-eos-magni-et.html","6300","11","1","1","325455300"
"96597","63","http://mcglynn.com/","3534","11","1","1","1021790775"
"96536","33","http://www.boyer.net/quo-animi-aut-iure-voluptas-aut","2404","11","1","1","1583668554"
"96380","48","https://www.heller.com/fuga-ut-facere-accusantium-cum-ut-maiores-praesentium","7521","11","1","1","197647073"
"95886","69","http://kassulke.biz/necessitatibus-voluptas-perferendis-dicta-consequuntur-dolorum-inventore","7188","11","1","1","758928732"
"95850","64","http://wintheiser.net/et-corrupti-veritatis-quod-qui-atque","325","11","1","1","351051657"
"95735","42","http://bogan.biz/id-sit-distinctio-nulla-dignissimos-voluptatum-rerum-corporis.html","1911","11","1","1","1311303025"
"95694","73","http://www.frami.com/consequatur-non-ratione-rerum-omnis-voluptatum-voluptatem-nihil","1686","11","1","1","721793275"
"95508","41","http://haag.com/officia-voluptatum-laborum-quis-dolore-vel-eaque-sit","2073","11","1","1","780626443"
"95441","28","http://www.bartell.com/sed-magnam-id-soluta-ab-magni-sit","4870","11","1","1","615280550"
"95429","35","http://douglas.com/odio-at-reiciendis-delectus-perferendis-ut-debitis","8788","11","1","1","1571516462"
"95305","37","https://rodriguez.com/cum-eius-vero-voluptas-nihil.html","8009","11","1","1","328755349"
"94884","16","http://www.tromp.com/","5848","11","1","1","1360059791"
"94703","91","http://bartell.com/","2833","11","1","1","410310065"
"94363","99","https://www.wilkinson.com/qui-quibusdam-ut-iure-expedita-et-animi-vero","6227","11","1","1","124132950"
"94318","50","https://www.nolan.com/et-iste-dicta-accusamus-praesentium-quia-cum","2901","11","1","1","487263571"
"94258","11","http://aufderhar.biz/reprehenderit-error-voluptate-exercitationem-similique-sit","3931","11","1","1","1082372903"
"94244","60","http://www.robel.org/veniam-quibusdam-voluptate-et-officiis-ex-consectetur-quis.html","9581","11","1","1","695030239"
"94104","73","http://schaden.info/sunt-ut-sint-pariatur-perspiciatis-eos","2181","11","1","1","680612706"
"94014","37","http://www.bayer.com/sapiente-qui-doloremque-libero-assumenda","3926","11","1","1","79863868"
"93980","93","https://king.com/ab-et-omnis-voluptatem-velit-quia.html","9093","11","1","1","700000907"
"93870","45","http://crooks.com/asperiores-eveniet-aliquid-nihil-nostrum-harum-quis-id","7016","11","1","1","1425614980"
"93853","91","http://gaylord.com/a-atque-quasi-esse-cupiditate","7706","11","1","1","1086605538"
"93847","21","https://www.aufderhar.com/molestias-ut-adipisci-consequatur-voluptates-illo-animi-quisquam","9479","11","1","1","1365116735"
"93800","33","http://nicolas.info/","9312","11","1","1","11494815"
"93739","37","https://thompson.com/excepturi-laborum-dolor-vitae-quidem-nisi.html","9102","11","1","1","1004831161"
"93677","17","http://www.wolf.biz/est-eum-quas-consectetur-aut-iusto","6999","11","1","1","1528525051"
"93520","5","http://www.ratke.com/eos-qui-maxime-maiores-possimus-laboriosam-reprehenderit.html","8147","11","1","1","1315230323"
"93387","1","http://armstrong.com/","9464","11","1","1","638924221"
"93336","13","https://www.treutel.org/quod-quidem-quo-possimus-magnam","1975","11","1","1","1015401473"
"93220","39","https://www.heaney.com/iste-voluptatum-iusto-ipsum-et-dolores-hic-culpa","4179","11","1","1","974760224"
"93023","57","http://okon.org/","6598","11","1","1","645761467"
"93000","93","http://www.gerlach.com/sunt-recusandae-at-voluptatibus-veniam-corporis-nesciunt-eum-et.html","1589","11","1","1","678922264"
"92967","70","http://kub.com/nihil-dolor-id-laudantium-perferendis-deserunt-qui-corporis-ut","5051","11","1","1","937752840"
"92516","67","https://www.jakubowski.com/earum-ipsam-non-tenetur-exercitationem-incidunt","8697","11","1","1","1537863812"
"92423","70","http://bins.com/aspernatur-neque-magnam-numquam-provident-qui-quia-mollitia.html","2585","11","1","1","101304903"
"92416","5","http://www.lebsack.com/eos-nobis-similique-atque-vel-at-maxime","7306","11","1","1","1390316710"
"92373","50","http://ankunding.net/","1618","11","1","1","968950028"
"92340","9","http://www.wuckert.com/sint-assumenda-autem-corrupti-placeat-sit-aliquid-et-ut","8991","11","1","1","859180496"
"92308","45","http://www.mosciski.org/provident-dicta-ipsa-rerum-nihil-recusandae-sint","9518","11","1","1","1054130620"
"92241","82","http://cartwright.org/","7416","11","1","1","1043895177"
"92185","84","https://www.moore.com/sed-quis-numquam-nam-qui","2221","11","1","1","866520290"
"92164","57","http://reinger.info/et-quis-neque-inventore-placeat.html","7917","11","1","1","512817294"
"91899","64","http://www.predovic.biz/iste-possimus-quisquam-distinctio-corrupti.html","4977","11","1","1","1574844750"
"91749","21","http://www.rowe.biz/quam-a-quidem-magni-velit-ducimus-quis-et","3985","11","1","1","709894330"
"91049","49","http://pouros.com/","7645","11","1","1","31446690"
"91006","82","http://monahan.info/","2946","11","1","1","351641845"
"90841","45","http://stokes.net/doloribus-fuga-voluptatem-ut-iure-in-amet-delectus-officia","9945","11","1","1","668045736"
"90707","99","http://www.kutch.com/","6572","11","1","1","368318491"
"90328","78","http://www.bauch.net/qui-ut-non-quas-exercitationem-et-sit-est","2099","11","1","1","1225609699"
"90314","6","http://schamberger.com/eius-incidunt-et-quibusdam-molestiae-earum","2764","11","1","1","638440616"
"90214","94","http://brekke.com/quia-beatae-eligendi-dicta-quia.html","2281","11","1","1","1496911044"
"90025","99","http://cartwright.com/et-ab-sit-et-molestias-omnis-doloribus-molestiae-sed","8527","11","1","1","1175034708"
"90023","13","http://witting.com/","8418","11","1","1","1110043971"
"89879","71","http://www.rice.com/","4459","11","1","1","302701923"
"89632","77","https://stiedemann.org/nisi-enim-odio-vel-voluptatem-in-aliquam.html","676","11","1","1","518539827"
"89570","100","http://www.ondricka.biz/repudiandae-dolor-ipsa-amet-assumenda-impedit-ducimus-temporibus","5700","11","1","1","894584060"
"89434","38","http://www.stokes.biz/similique-nesciunt-eius-maxime-et-et-deserunt-magnam.html","8258","11","1","1","1215658372"
"89294","30","https://green.com/beatae-nihil-quae-non-eligendi-et-distinctio.html","1674","11","1","1","141041012"
"89015","55","https://www.rice.org/nesciunt-corrupti-et-assumenda-perspiciatis-nostrum-aperiam","4443","11","1","1","1066762350"
"88572","83","http://greenholt.com/dolor-eaque-aperiam-magni","3021","11","1","1","336247339"
"88409","47","https://schinner.biz/provident-inventore-quod-in-exercitationem.html","7486","11","1","1","848704782"
"88391","11","http://barton.com/quaerat-tenetur-in-sint-autem-cumque","8828","11","1","1","923038549"
"88313","21","http://walker.net/","396","11","1","1","272383150"
"88312","82","http://www.zieme.com/rerum-dolores-qui-soluta-nam-beatae-consectetur-similique.html","4354","11","1","1","31149324"
"87822","96","https://www.toy.com/ipsa-repellendus-omnis-quos-sequi-in-quos-ut","4361","11","1","1","557365432"
"87405","75","http://www.kuhlman.com/perferendis-ipsam-repellendus-quis-nostrum-voluptate-soluta.html","1941","11","1","1","735916917"
"87126","99","http://www.goldner.com/","6502","11","1","1","618367904"
"86624","86","http://denesik.net/architecto-eius-laudantium-explicabo-quas-iusto","1724","11","1","1","960739199"
"86234","68","http://www.kovacek.com/quisquam-totam-aut-voluptatem-maxime-ducimus","2879","11","1","1","1580144167"
"86115","42","http://www.lind.net/","9977","11","1","1","1178680127"
"86093","66","https://www.gislason.info/sunt-repellat-quia-commodi-ut-aliquam-aperiam-sed","3067","11","1","1","1468132070"
"86006","62","http://www.bins.com/eos-sit-quidem-asperiores-reiciendis-nostrum-facere-delectus.html","7402","11","1","1","639337878"
"85586","38","http://www.schaden.com/et-quis-ipsam-a-consequatur","8964","11","1","1","1758434"
"85420","71","http://www.tillman.info/consequuntur-rerum-quae-provident-atque-ea-quo-fuga-natus.html","1507","11","1","1","1452898909"
"85162","21","http://wiza.org/","2924","11","1","1","722618981"
"85135","43","http://www.schimmel.info/cupiditate-occaecati-accusamus-illo","1207","11","1","1","947030064"
"85041","94","http://www.braun.com/sed-praesentium-enim-enim-mollitia-qui-qui-illo","2339","11","1","1","752158442"
"84931","57","https://www.medhurst.com/quia-dolorem-odio-et-vero-impedit-perferendis","2994","11","1","1","487893875"
"84713","53","http://www.bechtelar.com/","5755","11","1","1","512938508"
"84707","11","http://www.graham.com/esse-vitae-dolore-quia-sunt-consectetur-fuga","8511","11","1","1","1372206109"
"84334","29","http://ritchie.org/","2131","11","1","1","1257951599"
"84096","73","http://www.kuhn.com/voluptas-deleniti-nihil-autem-laborum-quam-hic","9425","11","1","1","1194225548"
"83948","36","http://vonrueden.biz/ut-quibusdam-voluptas-repudiandae-eum-dolorem-non","3735","11","1","1","1269154373"
"83908","96","http://www.effertz.com/dolores-quis-assumenda-quam-corporis-aut-atque-fuga-nobis","8688","11","1","1","516371625"
"83728","21","http://www.volkman.com/","5068","11","1","1","255334190"
"82997","39","https://abshire.com/veritatis-quis-blanditiis-quam-eum.html","6331","11","1","1","615081883"
"82741","63","http://www.kozey.com/","7875","11","1","1","975793294"
"82701","28","http://www.rutherford.com/aut-vitae-expedita-necessitatibus","4195","11","1","1","512670711"
"82679","86","http://cormier.com/","6887","11","1","1","324233700"
"82227","37","https://www.weissnat.com/deserunt-ut-doloribus-eum-suscipit-voluptatem-reprehenderit","9604","11","1","1","1015217173"
"82179","21","http://www.hessel.net/unde-blanditiis-cumque-sed-laudantium","6174","11","1","1","949403236"
"82164","61","https://oreilly.org/enim-eum-est-magnam-similique-ipsa-reprehenderit-est-atque.html","4252","11","1","1","1143949906"
"82112","99","http://www.huel.info/","9444","11","1","1","761214637"
"81816","49","http://runolfsson.info/voluptatum-deleniti-delectus-qui-aut-earum-odit-rem","5337","11","1","1","168499192"
"81582","8","http://www.stroman.info/consequatur-esse-repudiandae-nisi-consequatur","1205","11","1","1","968136526"
"81475","93","http://www.ryan.com/vero-debitis-perferendis-ad-occaecati-laboriosam-perferendis-ratione","4600","11","1","1","32228812"
"81474","52","https://www.rau.biz/sunt-placeat-veniam-aut","7966","11","1","1","214609966"
"81143","53","http://labadie.net/voluptatem-sit-omnis-amet-corrupti.html","1729","11","1","1","1010151628"
"80755","13","http://www.lakin.net/dicta-doloribus-quibusdam-laudantium-voluptas-quia-omnis","4572","11","1","1","548323511"
"80622","57","http://www.hettinger.net/doloribus-consectetur-exercitationem-quaerat-omnis-cupiditate-quos","2033","11","1","1","971419481"
"80462","62","http://www.sporer.com/","8375","11","1","1","268002969"
"80151","45","http://www.lueilwitz.com/ut-et-distinctio-aut-numquam-unde-quos.html","2716","11","1","1","240790988"
"79974","55","http://www.altenwerth.com/sit-molestiae-sunt-deleniti-qui","1742","11","1","1","1025150931"
"79870","91","http://wyman.com/","108","11","1","1","118126907"
"79652","9","http://schmidt.com/delectus-et-ab-beatae-ea-quis-ipsam-sunt","1770","11","1","1","1171848744"
"79490","99","http://stoltenberg.com/voluptates-qui-molestiae-nobis-cum-et-perferendis","4042","11","1","1","1345878851"
"79380","67","http://www.ortiz.biz/nesciunt-eos-non-rem-voluptatum","7112","11","1","1","480250193"
"79266","22","http://www.kilback.info/consequatur-et-ab-magnam","5539","11","1","1","1774101"
"78515","13","http://www.rippin.com/at-asperiores-fuga-vitae-neque-temporibus","7048","11","1","1","684008214"
"78393","35","http://www.berge.com/","5669","11","1","1","855118336"
"78353","33","http://torphy.com/doloribus-qui-occaecati-esse-similique.html","6332","11","1","1","277209739"
"78090","68","http://www.osinski.net/quia-qui-laborum-hic-ut.html","1667","11","1","1","316463298"
"77669","87","http://www.reilly.org/in-accusamus-sed-quo-mollitia-repudiandae-dignissimos","7136","11","1","1","988599334"
"76904","96","http://www.bruen.com/in-dolorem-nihil-ut-nihil-ea-quia.html","6721","11","1","1","941546780"
"76852","66","http://www.wilkinson.com/qui-suscipit-numquam-quam-sequi-quo-quaerat-rerum","6196","11","1","1","1487699240"
"76781","79","http://www.daniel.info/voluptatum-quidem-consequatur-et-soluta","2930","11","1","1","1121935911"
"76504","21","http://walsh.org/adipisci-nihil-dolor-accusantium-velit-dolorum-quia","7698","11","1","1","871169268"
"76424","53","http://dooley.com/eos-iure-non-ipsa","9562","11","1","1","573794262"
"76417","59","http://leuschke.net/id-et-voluptatibus-autem.html","4891","11","1","1","867603871"
"76375","48","http://www.kutch.com/molestias-delectus-dolorum-amet-illum-dignissimos-veritatis.html","2165","11","1","1","1266871031"
"76132","48","https://windler.com/sunt-qui-illo-aut.html","2211","11","1","1","357180138"
"75764","52","http://hansen.net/","3375","11","1","1","1062741173"
"75750","49","http://nitzsche.net/illo-culpa-velit-doloremque-ut-corporis-nesciunt-id.html","8659","11","1","1","476623506"
"75613","88","https://towne.net/omnis-quia-nisi-fugiat-necessitatibus-officia-ratione.html","6249","11","1","1","1088847127"
"74673","42","http://www.farrell.com/","9864","11","1","1","977560433"
"74543","90","https://www.west.com/dolores-nesciunt-architecto-sint","2681","11","1","1","917640072"
"74354","36","http://www.reilly.com/nam-culpa-atque-sed-debitis-illum","1069","11","1","1","419742175"
"73690","72","http://www.bins.com/","7945","11","1","1","233506156"
"73482","48","http://cronin.org/culpa-provident-non-architecto-dignissimos","8410","11","1","1","581110362"
"73383","29","http://morissette.com/dignissimos-amet-facilis-ab-repellendus-placeat-ea.html","7752","11","1","1","1233059586"
"73300","98","http://www.oberbrunner.net/et-cumque-omnis-laborum-ipsa-enim-deserunt","7061","11","1","1","150275876"
"73233","23","http://www.stamm.com/","3427","11","1","1","411873404"
"73024","56","http://www.stehr.com/voluptas-architecto-dolor-voluptatem-quia-eos-consequatur","685","11","1","1","504334338"
"72907","75","http://www.altenwerth.com/architecto-et-perspiciatis-quia-autem-asperiores-et-sed","7186","11","1","1","1147994709"
"72566","96","http://conn.info/nisi-natus-dolores-sit-iste-in","4074","11","1","1","578651319"
"72538","11","https://bruen.com/rem-temporibus-qui-aliquam-fuga-qui-cumque-sapiente.html","5329","11","1","1","479160893"
"72459","17","http://www.braun.com/quos-pariatur-sapiente-in-dolor.html","5397","11","1","1","1402939906"
"72349","36","https://kuphal.com/quia-sunt-sit-est-et-dolorum.html","2164","11","1","1","1373077831"
"72041","70","http://bechtelar.com/aliquam-quae-non-qui-nisi-laudantium-natus-corrupti","1499","11","1","1","1313295073"
"72035","92","http://goyette.com/maxime-odit-ea-sed-tempora-corrupti-enim-adipisci-ut","9261","11","1","1","574668233"
"71668","37","http://schoen.com/eum-at-minima-vel-repudiandae-rerum-aut-cum-eaque","26","11","1","1","1001755496"
"71648","6","https://www.schultz.com/est-iusto-voluptatem-qui-molestiae-iusto","6231","11","1","1","1273476607"
"71614","88","https://davis.org/voluptas-doloremque-odio-ad-nulla-unde-magnam.html","3889","11","1","1","1238900892"
"71452","93","http://ebert.info/et-qui-atque-hic-distinctio-itaque-rerum-est.html","137","11","1","1","735531377"
"71425","100","https://www.hartmann.com/harum-et-consequatur-labore-unde-dignissimos-fugiat","394","11","1","1","1040902357"
"71417","35","http://www.schumm.com/nemo-ex-error-officiis-ipsam-eveniet","6877","11","1","1","746318895"
"70972","91","http://lang.org/voluptatem-possimus-vero-natus-et.html","1046","11","1","1","955236749"
"70941","86","https://www.sipes.net/exercitationem-nihil-odio-eligendi-non-eaque","748","11","1","1","247717492"
"70912","78","http://hoppe.biz/qui-perspiciatis-ut-sed-maiores.html","2973","11","1","1","231807791"
"70838","7","https://www.rodriguez.com/ea-pariatur-et-omnis-alias-consequuntur-sit-vitae","4788","11","1","1","966302977"
"70483","45","http://www.wunsch.com/","6677","11","1","1","805212345"
"70265","99","http://stoltenberg.com/","1076","11","1","1","377248638"
"70212","50","http://www.heidenreich.com/est-quis-consequuntur-laborum","7150","11","1","1","1242323910"
"70195","86","http://koss.net/quia-et-quidem-dignissimos-veniam-accusamus-ut-molestiae","8383","11","1","1","814946632"
"70187","34","http://botsford.com/quia-saepe-et-fuga-nemo-et-doloribus","3692","11","1","1","1287289393"
"69970","6","http://www.kuhic.com/voluptas-et-distinctio-quasi-ea-aut-illum-veritatis","3612","11","1","1","1355220884"
"69708","21","http://padberg.com/sequi-et-totam-eos-tempore-dolores-eius","5445","11","1","1","1299044482"
"69691","28","http://mcdermott.com/officia-delectus-vero-dicta-modi-tenetur-alias-repellat.html","7620","11","1","1","930565659"
"69599","6","http://www.harvey.com/","1580","11","1","1","1204615001"
"69550","9","http://moen.com/","6485","11","1","1","829241374"
"69492","8","http://www.mcdermott.net/","897","11","1","1","712165052"
"68976","49","http://www.quitzon.net/debitis-sit-commodi-reprehenderit-ut-repudiandae-odit","8296","11","1","1","774840667"
"68795","43","http://crist.com/id-est-tempore-eos-voluptas-sit","8857","11","1","1","350261517"
"68674","35","http://www.fay.com/enim-dolor-eos-iure-error-libero.html","1008","11","1","1","460756618"
"68648","57","http://bednar.com/sunt-quo-consequatur-facere-nostrum.html","5764","11","1","1","1473809523"
"68589","26","http://www.rogahn.com/quam-eaque-velit-tempore-praesentium-enim-nesciunt","6261","11","1","1","1352904939"
"68527","52","http://www.klocko.com/sed-doloremque-quia-necessitatibus-eveniet-qui-rerum-adipisci.html","8533","11","1","1","984949066"
"68426","82","http://www.douglas.com/non-qui-dolorem-qui","5598","11","1","1","460445915"
"68399","29","http://www.willms.com/eveniet-omnis-non-et-soluta-quis-et.html","2559","11","1","1","1160358939"
"68262","67","https://www.johns.com/architecto-quisquam-sint-sint-voluptas-est-vel","3294","11","1","1","1073142162"
"68159","92","http://senger.com/eos-ut-tempora-rerum-alias","4318","11","1","1","166153264"
"67888","26","http://www.greenfelder.com/","1149","11","1","1","580306676"
"67767","51","http://www.bogisich.com/nesciunt-quas-placeat-ea-dolore-nulla-dolores-non","1858","11","1","1","352955017"
"67272","17","https://www.oconner.com/et-veniam-et-velit-recusandae","2181","11","1","1","1363232781"
"67021","28","http://denesik.net/excepturi-sunt-cumque-qui-consequatur-autem","8593","11","1","1","436509165"
"66984","36","http://www.willms.com/animi-sint-dolor-quia-est-veniam-ab-et-dignissimos","4828","11","1","1","1149334320"
"66929","36","http://www.tremblay.biz/","5608","11","1","1","337269574"
"66887","13","http://miller.biz/ex-voluptates-est-ullam-in-ab-animi-iure-saepe","136","11","1","1","388169729"
"66717","17","http://www.schmeler.com/aut-libero-ducimus-molestiae-vero-consequuntur","6652","11","1","1","1297005280"
"66589","29","http://rippin.com/","1997","11","1","1","1465817650"
"66312","24","http://skiles.com/ut-est-voluptatibus-ducimus-adipisci-repellendus-impedit-et-est.html","2723","11","1","1","964498101"
"66271","18","http://www.williamson.biz/ipsum-ipsam-voluptates-non-quo-veritatis.html","6685","11","1","1","821881749"
"65857","9","http://www.murray.com/esse-non-consequatur-est-sint-molestiae-ad-repellendus-minima","1874","11","1","1","1503406487"
"65632","17","http://www.fay.com/","4816","11","1","1","247196381"
"65602","66","http://www.nitzsche.com/corrupti-ipsum-iste-nulla-exercitationem-quam-et","7657","11","1","1","75794273"
"65434","4","http://www.swaniawski.com/est-et-ad-deleniti-voluptas-ut-ut-ratione.html","4049","11","1","1","480990832"
"65299","76","http://www.funk.com/maxime-eius-et-alias-atque-quo-dicta-dolores-voluptatem","3919","11","1","1","1139673637"
"65267","34","http://www.strosin.org/et-temporibus-sed-ipsum-molestiae-amet-dolores-commodi","2916","11","1","1","1052204117"
"65174","42","https://www.koch.info/aut-iusto-eum-explicabo-sint-sint","3435","11","1","1","371739265"
"64694","98","http://kassulke.biz/recusandae-quisquam-labore-voluptatem-repellendus-quia","6222","11","1","1","682017412"
"64436","83","http://www.pacocha.com/","9333","11","1","1","406673328"
"64417","57","http://www.vonrueden.com/","4463","11","1","1","792378498"
"64033","41","http://smitham.com/dolore-et-rerum-molestiae-dolorum.html","3627","11","1","1","785552283"
"63952","77","http://spinka.biz/incidunt-accusamus-ad-autem-impedit-at","5197","11","1","1","1001736259"
"63721","63","http://www.kreiger.com/velit-est-saepe-quo-non","833","11","1","1","613839909"
"63507","24","http://www.konopelski.com/qui-est-quis-in-rem","3383","11","1","1","760795042"
"63502","100","http://larson.com/et-ducimus-laboriosam-asperiores-alias","6216","11","1","1","1368609513"
"63431","46","http://beatty.com/","4964","11","1","1","1385503555"
"63171","2","http://www.weber.com/animi-nulla-reiciendis-veritatis-libero-quia-eum","4189","11","1","1","1304622777"
"63080","44","https://ward.net/labore-nam-ipsum-molestiae-voluptatem-quasi-eos-qui.html","7951","11","1","1","1415689715"
"63068","38","http://www.weissnat.com/quo-eos-nobis-voluptatem","831","11","1","1","722028772"
"62604","57","https://becker.net/consequuntur-vitae-sit-ea-quas-velit.html","329","11","1","1","361077661"
"62578","97","https://www.hermann.com/quibusdam-voluptatem-omnis-id-enim-cupiditate","1669","11","1","1","1092916871"
"62218","12","http://www.hagenes.com/veniam-dolorem-consequatur-officia-voluptatem-modi-necessitatibus.html","7318","11","1","1","1497651228"
"62199","53","https://ondricka.biz/voluptates-tempore-dolores-nesciunt-consequatur-sint.html","2102","11","1","1","718074310"
"62151","78","http://www.reinger.com/ex-et-quos-non-fugiat-est-voluptatem-enim","8311","11","1","1","1277344382"
"61955","18","http://www.johnston.com/voluptatem-occaecati-qui-aperiam-quam-nihil-alias-et-reprehenderit","1812","11","1","1","1107055491"
"61910","26","http://www.cole.com/rerum-doloremque-quis-sed-quo","138","11","1","1","587578436"
"61903","73","http://www.reichel.biz/laudantium-vero-quos-officia-provident-illum","3402","11","1","1","909749442"
"61886","44","http://www.quigley.com/soluta-est-laborum-repellendus-optio","4259","11","1","1","980969360"
"61791","4","http://hirthe.com/provident-non-molestiae-ut-numquam-recusandae-est-animi.html","1224","11","1","1","1262735497"
"61744","3","http://homenick.org/fugit-id-cum-iste-quibusdam-optio-nulla.html","1525","11","1","1","1122510923"
"61583","15","http://goldner.info/possimus-officia-omnis-excepturi-aliquid-et-maiores.html","2407","11","1","1","1048309137"
"61429","64","http://www.rodriguez.biz/qui-laborum-nobis-repellat-unde","1407","11","1","1","1249889096"
"61158","90","http://konopelski.com/aut-est-iste-tempore-amet","8807","11","1","1","1233509798"
"61093","69","https://www.carter.com/laboriosam-aut-reiciendis-quisquam-asperiores-iusto-dolores-dignissimos","9633","11","1","1","1037094811"
"61078","52","http://www.moen.com/","7070","11","1","1","1418158555"
"60564","22","http://cruickshank.biz/","9069","11","1","1","442960484"
"60514","50","http://barton.biz/saepe-qui-fugiat-optio-eius-nemo-tenetur-possimus-quod.html","7994","11","1","1","886693880"
"60308","68","http://www.leffler.com/ut-occaecati-minus-ad-laborum-itaque-nihil-optio","6780","11","1","1","1440970487"
"60040","91","http://www.greenfelder.com/nam-sed-consectetur-quod-quos-aut-ut","9492","11","1","1","533668043"
"59954","77","http://schaefer.com/","1664","11","1","1","1137838751"
"59920","35","http://www.ruecker.biz/eius-quos-aut-earum.html","9546","11","1","1","203627883"
"59802","14","http://www.huels.com/necessitatibus-sit-asperiores-et-officiis-tenetur-commodi.html","3936","11","1","1","99287734"
"59776","55","https://schinner.info/tenetur-rerum-doloribus-ut-iure.html","2645","11","1","1","572330297"
"59732","38","http://pouros.com/est-ipsam-aut-et-sint-et-sunt","3396","11","1","1","449972890"
"59730","94","http://www.hammes.com/omnis-rerum-voluptatem-fugiat-quidem-laborum-quia","6050","11","1","1","326479793"
"59710","6","http://www.pouros.com/eum-ipsam-sint-odit","2249","11","1","1","151973510"
"59620","43","https://okeefe.com/cupiditate-sit-debitis-alias-delectus-molestiae.html","7430","11","1","1","306242715"
"59614","98","http://bechtelar.com/quas-consequatur-mollitia-cumque-pariatur-veritatis-voluptatem-facere.html","6027","11","1","1","1364924478"
"59225","40","https://www.botsford.com/nihil-vel-molestiae-libero-itaque-vero","9436","11","1","1","762448457"
"58910","64","http://trantow.com/voluptas-aliquid-ut-quia-iste-earum-eum-ipsum.html","1421","11","1","1","390795300"
"58881","97","https://kiehn.info/cum-voluptate-accusamus-repudiandae-dolorum-ex.html","6042","11","1","1","274387807"
"58781","95","http://gutmann.org/","7149","11","1","1","362965332"
"58742","95","http://fay.info/","1111","11","1","1","1037663611"
"58554","83","https://www.kub.biz/in-et-tempore-amet-neque-eum-molestiae","9735","11","1","1","591683643"
"58532","95","http://www.spinka.com/eos-aut-et-ut-odit-ex-facere","9925","11","1","1","878311076"
"58405","57","http://www.blanda.info/","6946","11","1","1","242487872"
"58361","67","http://rowe.info/nemo-iusto-necessitatibus-impedit-ex-consequatur-voluptas-eius-et","5877","11","1","1","1011689715"
"58301","15","http://heller.com/aut-fugit-laborum-reiciendis-pariatur-possimus-suscipit-veritatis","1921","11","1","1","229829744"
"58264","13","http://www.metz.net/","9830","11","1","1","912193389"
"58192","60","http://friesen.com/libero-ducimus-error-delectus-qui.html","4052","11","1","1","1169342688"
"58094","62","http://www.schamberger.org/","2088","11","1","1","1120195059"
"57946","74","http://www.bernhard.com/","7483","11","1","1","1087627033"
"57456","90","http://www.leffler.biz/","3937","11","1","1","150439001"
"57411","73","http://reilly.org/eos-dicta-odit-qui-eum","8046","11","1","1","895318569"
"57230","41","http://www.collier.com/placeat-voluptatum-et-quibusdam-error-amet-eius-numquam.html","1270","11","1","1","679013716"
"57214","18","http://www.ondricka.com/odit-accusamus-nulla-voluptatem-voluptatum-dolor-optio","3749","11","1","1","1579785993"
"57178","63","http://upton.com/ex-minima-eos-nulla-explicabo-quo-et","8977","11","1","1","384262709"
"57176","14","http://nitzsche.biz/in-fugiat-quas-cum.html","1563","11","1","1","362935765"
"56992","86","http://dach.net/fuga-eum-accusamus-sit-impedit.html","5152","11","1","1","871603337"
"56616","60","http://swift.net/","1371","11","1","1","9399974"
"56468","85","http://www.mclaughlin.org/rem-rerum-enim-est-aut-praesentium-ut-molestiae","9668","11","1","1","469980481"
"56461","98","http://www.lockman.com/harum-ullam-qui-ab-nam-voluptatibus","2638","11","1","1","1333594691"
"56108","17","http://www.torphy.com/distinctio-saepe-debitis-accusamus","6749","11","1","1","275856197"
"55911","54","http://www.baumbach.com/","8544","11","1","1","293290664"
"55787","27","https://www.beahan.com/expedita-aut-vero-quo-labore-sunt-id-provident","2042","11","1","1","559495143"
"55772","46","http://kessler.biz/occaecati-cum-provident-perferendis-at-hic-quis-nulla-facere.html","960","11","1","1","411419245"
"55588","48","http://www.buckridge.biz/sit-enim-officia-et-quia-est-autem-necessitatibus.html","3946","11","1","1","814692456"
"55495","9","http://www.greenholt.com/quo-cumque-natus-dolores-et-consequatur-ut","7263","11","1","1","776358678"
"55481","96","http://treutel.org/nisi-beatae-distinctio-eligendi-exercitationem","6809","11","1","1","1196183320"
"55430","35","http://schneider.biz/optio-voluptatibus-est-quos-ut","5593","11","1","1","23486518"
"55388","90","http://swift.org/voluptatem-sit-et-velit-quibusdam-quia-numquam-natus","1109","11","1","1","378298161"
"55268","92","http://www.morar.biz/sunt-est-aut-quasi-veniam-qui.html","4371","11","1","1","91333418"
"55180","44","http://www.price.info/culpa-odit-ut-cumque-doloribus-sunt-aut.html","7104","11","1","1","429000920"
"55168","23","http://cronin.info/nulla-voluptas-natus-porro-quia-omnis-explicabo-similique","262","11","1","1","114335775"
"55143","21","http://west.org/eum-ea-itaque-corrupti-reprehenderit-tempora-voluptates","7127","11","1","1","1098099927"
"54935","62","http://schulist.biz/unde-tenetur-enim-delectus-tempore-provident-enim-sint","3917","11","1","1","1352250100"
"54800","20","http://www.christiansen.biz/","9598","11","1","1","937731087"
"54503","98","http://padberg.com/","4225","11","1","1","516199662"
"54490","24","http://www.torphy.com/eos-molestiae-eos-ea-ex","9041","11","1","1","965885189"
"54093","18","http://www.roob.com/quibusdam-doloremque-animi-molestiae-illum-sit-fugiat.html","1049","11","1","1","1173570267"
"53966","75","http://borer.com/quisquam-blanditiis-aperiam-fugiat-itaque","6365","11","1","1","267802640"
"53884","95","https://www.ratke.com/sapiente-iure-praesentium-sunt-est-beatae-aliquid","9512","11","1","1","544627470"
"53643","1","http://abshire.com/occaecati-nobis-et-nihil-eius-perferendis-quis-delectus","6944","11","1","1","325437121"
"53638","88","https://www.leannon.net/sit-provident-tempore-voluptas-omnis-tempora-voluptas-velit-suscipit","6493","11","1","1","1150954785"
"53558","69","http://www.jacobson.biz/dolor-ipsum-rerum-omnis-ipsum","1427","11","1","1","1017682650"
"53469","4","https://www.lakin.com/aut-fugiat-nemo-vitae-laboriosam","9949","11","1","1","1276804162"
"53288","98","http://www.schuppe.biz/est-sit-omnis-laboriosam-fuga-officiis-et","5615","11","1","1","1018261116"
"53119","14","http://www.rogahn.com/eveniet-voluptatem-totam-enim-laborum-laudantium-reprehenderit-at","2434","11","1","1","241206396"
"52940","23","https://harber.info/tempore-necessitatibus-impedit-cumque-consequatur-optio-est.html","2234","11","1","1","178187497"
"52270","43","http://www.kunze.com/","230","11","1","1","681978703"
"52264","53","http://rau.biz/ut-velit-ipsam-odio-ipsam-dignissimos-consequatur","8479","11","1","1","759852092"
"52253","41","http://schaden.com/","7263","11","1","1","1517521717"
"52216","5","http://www.quigley.com/","8820","11","1","1","621082979"
"51629","10","http://barrows.com/officia-enim-neque-quo-nam-eveniet-dicta.html","6786","11","1","1","1288134272"
"51014","21","http://quitzon.com/consequatur-aut-in-sit-aut-iste-sunt-vero","2644","11","1","1","1534691606"
"50976","63","http://miller.com/distinctio-asperiores-non-maiores-laudantium-reprehenderit","2947","11","1","1","1021593335"
"50935","61","http://oconnell.com/","9713","11","1","1","881252180"
"50880","96","http://www.rogahn.net/saepe-ut-eveniet-et-quis-nesciunt-voluptas.html","1925","11","1","1","62762417"
"50680","45","http://www.gibson.biz/et-nulla-vitae-laboriosam-sit-est-reiciendis-incidunt-voluptatum","765","11","1","1","524998442"
"50194","88","http://www.ruecker.com/eveniet-minus-porro-omnis-molestiae-fuga-perspiciatis-quaerat","3619","11","1","1","44985052"
"49937","29","https://www.hauck.net/est-vel-necessitatibus-cum-quaerat-quis","8880","11","1","1","265762448"
"49718","91","https://cummings.com/at-unde-perspiciatis-voluptatem-dolorem-ad.html","7522","11","1","1","120855806"
"49648","92","http://www.ohara.com/adipisci-quia-ut-qui-laboriosam-labore-ratione","3438","11","1","1","1086899310"
"49422","85","http://www.sauer.com/","466","11","1","1","1186263507"
"49252","2","http://www.kuhn.info/","6554","11","1","1","25096153"
"49191","17","http://mcclure.net/","2412","11","1","1","1019321219"
"48896","77","http://emmerich.biz/soluta-molestias-deleniti-et-in-enim-vel-quisquam.html","1806","11","1","1","1427674905"
"48882","68","http://marquardt.net/","1999","11","1","1","1114249924"
"48643","97","https://www.shields.com/architecto-placeat-et-consequatur-nobis-in-officia-doloribus-iste","6101","11","1","1","851064157"
"48595","51","http://www.jakubowski.org/enim-consequatur-veniam-assumenda-magni-culpa-nam-ducimus-magni.html","7802","11","1","1","599638282"
"48268","67","https://www.jenkins.com/non-architecto-est-labore-modi-iste-illum","9488","11","1","1","2310345"
"48176","59","http://connelly.net/nihil-sit-aliquam-dolorum.html","5883","11","1","1","1545428041"
"47686","53","http://www.roberts.org/","8276","11","1","1","605452959"
"47331","11","https://www.boyer.biz/ut-quis-minus-tempora-autem-et-vel","8904","11","1","1","246003112"
"47310","77","http://www.kautzer.com/","1069","11","1","1","995265711"
"47066","75","http://www.damore.info/unde-expedita-itaque-quo-recusandae.html","2776","11","1","1","349142358"
"47052","62","http://www.feest.net/et-rerum-aut-vel-ut-eveniet-aut-est","7036","11","1","1","535412640"
"47041","61","http://www.monahan.net/perferendis-consequatur-omnis-omnis-quia-incidunt","5317","11","1","1","579773370"
"46693","25","http://ruecker.info/vel-a-quisquam-eaque-rerum","3820","11","1","1","282341475"
"46615","36","http://www.leffler.biz/voluptatibus-voluptatibus-aliquam-facere-aut-natus-omnis-itaque.html","2533","11","1","1","1108603042"
"46149","86","https://hayes.org/voluptatem-nam-exercitationem-reprehenderit.html","3520","11","1","1","1074114672"
"46031","30","http://www.hilpert.info/placeat-sunt-nisi-ea-sint-ut","5161","11","1","1","462590335"
"45908","61","http://www.collier.com/dicta-doloribus-omnis-sit-a","7916","11","1","1","1215532295"
"45781","20","http://www.yundt.biz/et-ratione-cum-assumenda-voluptatum","7753","11","1","1","638394068"
"45746","21","http://www.huel.com/veniam-eos-ipsa-praesentium-reiciendis-cum-illo-ex","8088","11","1","1","134895707"
"45578","67","http://www.brekke.biz/est-sit-inventore-ut-dicta","6293","11","1","1","5653608"
"45525","33","http://www.bradtke.com/molestias-ad-ut-quidem.html","4904","11","1","1","480805495"
"45479","59","http://www.waters.org/possimus-cupiditate-voluptatibus-perspiciatis-quo-explicabo.html","1884","11","1","1","46268935"
"45267","59","http://www.emmerich.com/quia-dolor-aut-deleniti-in-beatae-impedit-molestiae.html","372","11","1","1","186634848"
"45080","44","http://denesik.com/","6767","11","1","1","1085621922"
"45016","96","http://williamson.com/","8242","11","1","1","295339349"
"44729","1","http://fisher.com/dolore-architecto-aut-ut-voluptas-impedit-aut","5429","11","1","1","304050280"
"44497","79","http://www.mcdermott.org/temporibus-aut-ipsam-officiis-voluptates-modi-molestias-sequi.html","9463","11","1","1","464779235"
"44221","5","http://www.okeefe.biz/adipisci-eveniet-sunt-soluta-et-sapiente-sapiente.html","5235","11","1","1","351691451"
"44126","80","http://www.frami.com/reprehenderit-voluptate-voluptatem-consequuntur-quasi-voluptatem-et","3126","11","1","1","1275709388"
"43786","21","http://anderson.com/reprehenderit-sint-vel-dolor-doloremque-laborum-quia-accusantium","160","11","1","1","654989318"
"43742","79","http://kutch.info/","9083","11","1","1","837157424"
"43624","49","http://nikolaus.biz/eligendi-dolorem-fugit-et-quisquam-at","7041","11","1","1","13615268"
"43474","89","http://casper.com/aut-ducimus-dolores-fugit-praesentium-unde-necessitatibus-ipsa.html","3180","11","1","1","1210142268"
"43280","95","http://www.haley.com/eum-eos-inventore-qui-hic-similique","3554","11","1","1","1043014260"
"43235","44","http://www.schowalter.com/","2750","11","1","1","801813713"
"43174","40","http://www.weimann.com/sit-atque-doloribus-cum-laboriosam-dicta-aliquam-sit","4415","11","1","1","217449183"
"42961","97","http://damore.com/fugiat-est-occaecati-consequatur-nisi-dolorum-ut-tenetur","2010","11","1","1","975733307"
"42856","16","http://www.hodkiewicz.com/sed-itaque-quod-quia-eveniet-quis","710","11","1","1","50032721"
"42694","32","http://abshire.net/quasi-eveniet-qui-quasi-optio-quia","5449","11","1","1","325872681"
"42617","27","https://medhurst.com/magni-perferendis-fugiat-cumque-quidem.html","9951","11","1","1","1054101266"
"42352","50","http://blanda.com/vel-aspernatur-provident-molestiae-suscipit-aut-quisquam.html","2785","11","1","1","679882158"
"42071","70","http://mitchell.com/","3960","11","1","1","250466721"
"41989","30","http://www.klocko.com/enim-dolorem-quam-sit-animi-ratione-praesentium-vero-sed","7229","11","1","1","607971640"
"41819","21","http://www.maggio.com/","2604","11","1","1","1574034219"
"41262","4","http://shields.com/aliquid-amet-reiciendis-ut-sit-doloribus-iure-eius","8436","11","1","1","1433335959"
"41157","94","https://www.king.com/eum-deleniti-nulla-officiis-totam-exercitationem-tempore-eligendi","2283","11","1","1","369664402"
"40958","40","http://www.stamm.com/a-tempora-voluptatem-cupiditate-corrupti-qui-earum.html","8918","11","1","1","917668251"
"40769","59","https://stroman.net/itaque-delectus-eaque-accusantium-rerum.html","6706","11","1","1","1092292495"
"40728","80","https://www.veum.biz/quo-voluptas-debitis-eveniet","7393","11","1","1","852130545"
"40501","68","http://mayert.biz/omnis-perferendis-dolor-vitae.html","9614","11","1","1","920851801"
"39893","82","http://www.runolfsson.com/","8665","11","1","1","1375809596"
"39869","56","https://reynolds.info/esse-debitis-et-dolor-voluptatibus-doloremque-et-velit.html","5629","11","1","1","812865926"
"39674","100","https://hayes.org/qui-exercitationem-quia-voluptatem-quisquam-delectus.html","505","11","1","1","1490219868"
"39485","26","http://zemlak.net/iusto-cumque-numquam-dolorum","817","11","1","1","1106649933"
"39409","94","http://pouros.info/magnam-quaerat-unde-illo-sunt-vel-pariatur","1864","11","1","1","1456854087"
"38957","63","http://www.hayes.org/ut-officia-nesciunt-consequuntur-sit-recusandae-corrupti.html","7753","11","1","1","157870303"
"38609","87","http://paucek.com/officia-soluta-ratione-veniam-ea-numquam-et-recusandae-voluptate","6900","11","1","1","1131509369"
"38505","96","http://mraz.com/hic-laboriosam-praesentium-explicabo-eaque-enim","3910","11","1","1","1422249903"
"38355","49","http://prosacco.com/adipisci-nihil-iste-ea-quo-omnis-quia","7952","11","1","1","1475472900"
"38249","64","http://wiza.com/","2406","11","1","1","204870027"
"37605","11","http://www.hansen.biz/","3910","11","1","1","1494255882"
"37583","78","http://oconner.com/cum-qui-totam-similique-sequi-rem-voluptates-quia","6720","11","1","1","609420906"
"37520","91","https://www.wilderman.com/tempore-et-labore-expedita-id-neque-et","8065","11","1","1","930180986"
"37131","77","http://www.berge.biz/","8422","11","1","1","259189030"
"37125","68","https://gulgowski.com/suscipit-quia-facere-quo-est-asperiores-sit.html","2594","11","1","1","74180259"
"37035","73","http://www.gutmann.com/soluta-aperiam-aperiam-et-qui-doloribus","9745","11","1","1","1292894920"
"36865","29","https://dooley.info/explicabo-ut-labore-a-dolorem-eum.html","10000","11","1","1","880638194"
"36783","68","http://schmeler.info/nostrum-suscipit-velit-dolor-et-quas-officiis","2262","11","1","1","1299145726"
"36777","30","http://orn.biz/aut-labore-dolore-sit-dolores-ea-sit","4108","11","1","1","1395984267"
"36744","13","http://www.ritchie.info/labore-nisi-est-corporis.html","3424","11","1","1","1046757384"
"36403","9","http://www.tillman.biz/quasi-non-officia-exercitationem-dignissimos-officia-consequatur-sit-iure","1931","11","1","1","1202227452"
"36292","28","http://weber.com/","2676","11","1","1","775690465"
"36172","35","http://murazik.com/quia-sit-deleniti-laboriosam-dolore","3240","11","1","1","6371604"
"36145","20","https://www.kerluke.com/est-repellat-atque-voluptate-sit-enim-ipsum","9894","11","1","1","102436678"
"36114","24","http://www.howell.org/consequatur-quae-culpa-corporis.html","5581","11","1","1","939549002"
"36017","4","http://corwin.org/voluptas-dolorem-et-in-voluptatum-aperiam","2711","11","1","1","20080163"
"35959","34","http://williamson.com/qui-doloribus-illum-exercitationem-voluptatem-qui-animi-blanditiis","4580","11","1","1","571915855"
"35864","45","http://www.schumm.info/praesentium-ad-assumenda-ex-doloremque-sit","5208","11","1","1","1114750830"
"35782","47","http://www.runolfsson.com/fuga-distinctio-qui-et-laborum-sequi-unde-sint","9137","11","1","1","700743259"
"35664","69","http://reichert.com/ipsa-debitis-totam-ex-minima-atque.html","6766","11","1","1","11305710"
"35241","6","http://www.gislason.net/est-quia-est-et-dolorem-vero","5754","11","1","1","1218833035"
"34732","66","http://www.paucek.com/quae-quia-similique-omnis-saepe","1602","11","1","1","1067781419"
"34425","17","http://wyman.com/assumenda-distinctio-earum-doloremque-soluta-amet-sint-quia-et","1027","11","1","1","1198751046"
"34414","18","https://fisher.com/omnis-est-velit-cupiditate.html","4603","11","1","1","1256910724"
"34332","92","http://www.sawayn.com/architecto-et-labore-beatae-et-alias-iure-perferendis.html","3130","11","1","1","544707408"
"34163","59","https://www.mann.com/unde-deserunt-et-architecto-perspiciatis-et-quia","6189","11","1","1","299014178"
"33957","93","http://morar.net/delectus-eligendi-vel-odit-similique","5377","11","1","1","342379581"
"33745","75","http://schuppe.org/dicta-consequatur-ipsa-voluptatem-unde-qui-consequuntur.html","670","11","1","1","871293642"
"33663","54","http://www.nikolaus.org/nostrum-temporibus-est-dicta-culpa-sed-qui-aspernatur-aut","146","11","1","1","17497327"
"33502","25","http://www.satterfield.com/omnis-aut-accusantium-itaque-quis-esse-deserunt.html","5492","11","1","1","1393904206"
"33464","5","http://marvin.biz/sint-omnis-animi-sed.html","2459","11","1","1","568352146"
"32896","80","http://durgan.com/eius-et-molestias-voluptas-illo","5706","11","1","1","612078313"
"32791","51","http://www.dietrich.com/voluptatem-qui-nesciunt-temporibus-sed.html","5590","11","1","1","1345970456"
"32713","71","http://vandervort.org/","1708","11","1","1","439543932"
"32701","24","http://www.schroeder.net/commodi-vel-omnis-suscipit-libero","807","11","1","1","1196820750"
"32448","42","http://skiles.com/quod-odio-natus-non","5827","11","1","1","3115705"
"32424","71","http://corwin.com/","2614","11","1","1","1173787532"
"32358","47","https://www.senger.com/sapiente-est-quidem-pariatur-non-dolor-quia","2694","11","1","1","372905916"
"32137","31","http://www.boehm.com/dolor-pariatur-adipisci-rem-eligendi-qui-cumque","2895","11","1","1","1377773984"
"32082","69","http://blick.com/nam-aperiam-omnis-in-quia-voluptatem-et-quasi","4116","11","1","1","278481277"
"32054","53","http://rempel.com/","6246","11","1","1","1218909642"
"31853","76","https://www.pacocha.com/voluptatem-sit-dicta-impedit-corporis-sed","9456","11","1","1","214514265"
"31842","6","https://dooley.org/et-cum-deleniti-dicta-reprehenderit-labore-pariatur-voluptates.html","7262","11","1","1","1021638808"
"31411","90","http://luettgen.com/et-aut-laudantium-vel-eos","7166","11","1","1","1115194021"
"31186","44","http://www.sporer.info/provident-maiores-porro-labore-dolor-sunt-distinctio.html","157","11","1","1","600683891"
"31151","95","http://hauck.com/voluptatem-occaecati-sed-molestiae-qui-magnam-perspiciatis.html","8579","11","1","1","897042786"
"31096","51","http://gutmann.org/qui-natus-aut-suscipit-ut-est-et","5663","11","1","1","1273235513"
"30526","51","http://harris.info/quidem-eos-enim-et-minima-et-nulla","7738","11","1","1","1417811267"
"30461","48","http://willms.com/","3605","11","1","1","1044232678"
"29668","59","http://hahn.com/et-nostrum-est-id-labore-quisquam","7413","11","1","1","1275071866"
"29367","86","http://www.moen.com/est-tenetur-aut-dolores-quibusdam-officiis","4925","11","1","1","591891210"
"29320","10","http://zulauf.com/rerum-voluptas-deserunt-possimus-corrupti.html","5986","11","1","1","715894602"
"29188","3","http://www.nitzsche.org/nesciunt-debitis-accusamus-aut-possimus-odio-numquam","3300","11","1","1","122561142"
"28600","74","http://hoppe.info/nihil-a-eum-ea-repellendus","2895","11","1","1","692427671"
"28518","7","https://hodkiewicz.com/ducimus-necessitatibus-voluptatem-ducimus.html","1077","11","1","1","81143227"
"28450","14","http://johnson.com/","489","11","1","1","1129729255"
"28332","66","http://www.effertz.com/assumenda-ea-et-nihil-accusantium.html","3668","11","1","1","955436937"
"28307","10","http://reinger.biz/ipsam-incidunt-repudiandae-laboriosam-quia-illum-cum-quo-ullam","6222","11","1","1","955737875"
"28101","14","http://www.mcglynn.info/asperiores-reiciendis-a-ratione-temporibus-quaerat-minima-non","7625","11","1","1","339891031"
"28097","11","http://gislason.info/totam-natus-quod-tempore-id-ducimus.html","7400","11","1","1","405152234"
"27668","39","http://runolfsdottir.biz/dolores-aut-eum-autem-voluptatem-cupiditate.html","9641","11","1","1","283314047"
"27539","7","http://www.cremin.org/dolores-quae-vel-dolorum-officiis.html","3071","11","1","1","1004817465"
"27075","21","http://kiehn.com/distinctio-aut-quas-et.html","4521","11","1","1","1350151540"
"27031","14","https://www.hammes.com/iusto-unde-dicta-quia","9815","11","1","1","1346105390"
"26614","75","http://www.daniel.com/voluptas-commodi-quas-ea-enim-dolor-ut","8377","11","1","1","1107971847"
"26496","6","http://www.howe.net/quos-eum-molestiae-autem-quos-illo-et","1241","11","1","1","892686097"
"26486","18","https://lueilwitz.info/illum-eos-facilis-fugit-ea.html","6799","11","1","1","1567649296"
"26483","39","http://www.abshire.net/enim-officia-distinctio-inventore-ex-exercitationem-non-consequatur","7564","11","1","1","850175437"
"26328","65","https://bednar.com/et-nobis-consequatur-suscipit.html","5069","11","1","1","741274482"
"26151","28","http://www.mills.biz/","7528","11","1","1","1543064521"
"26112","78","http://reinger.com/","5908","11","1","1","921959640"
"25741","31","http://stanton.com/quas-omnis-eum-dolores-nesciunt-rem-aperiam-voluptas.html","593","11","1","1","660469728"
"25591","66","http://www.braun.com/quia-qui-voluptatem-reprehenderit-aut-dicta-aspernatur","2594","11","1","1","532280331"
"25251","18","http://www.yost.info/aspernatur-rerum-sit-alias-excepturi-minima.html","7766","11","1","1","570485345"
"25248","75","http://www.marquardt.info/","6299","11","1","1","1322702901"
"25175","19","http://www.hegmann.com/rerum-repellendus-adipisci-omnis-cumque-quo.html","6604","11","1","1","1538673055"
"24692","44","http://dooley.net/","1084","11","1","1","810944570"
"24680","15","http://hayes.com/sunt-sit-autem-et-ut-quis","9578","11","1","1","183237605"
"24671","82","https://schuppe.com/corporis-perferendis-odio-enim-odit-id-earum-voluptate.html","1101","11","1","1","1585973485"
"24570","8","http://www.leuschke.com/","4572","11","1","1","1166755731"
"24498","21","https://www.mohr.com/fugit-sed-quis-blanditiis-ad-repellat-odit-facilis","7354","11","1","1","879709920"
"24370","63","https://www.corkery.com/tempora-eligendi-ea-id-sit-est-voluptatum-beatae","7722","11","1","1","467476850"
"24278","47","http://harris.com/eos-enim-tempore-ex-similique","9771","11","1","1","790841524"
"24206","64","https://www.west.com/consequatur-assumenda-eius-perspiciatis-quibusdam-et-nemo-debitis","2609","11","1","1","688969721"
"24173","33","http://www.glover.com/praesentium-aut-eos-dolor-quo-qui.html","7764","11","1","1","343886966"
"24125","11","http://strosin.biz/nulla-qui-exercitationem-minima-qui","1551","11","1","1","1125621341"
"24121","49","http://runolfsdottir.com/hic-quos-repellendus-qui-voluptate-sapiente-nesciunt-voluptatem","7204","11","1","1","621296778"
"23794","15","http://www.reinger.com/quo-qui-non-quas-debitis-exercitationem-officiis","186","11","1","1","1077959527"
"23718","48","http://www.hane.biz/dolore-quaerat-quia-aut-dolorum-rem-debitis","6311","11","1","1","1357303860"
"23190","28","http://www.stroman.com/officiis-et-omnis-voluptas","3873","11","1","1","440540283"
"22827","47","https://www.macejkovic.com/totam-corrupti-rerum-nesciunt-reiciendis-quaerat-porro","7629","11","1","1","1040551044"
"22586","38","http://borer.com/labore-et-quia-fuga-optio","2880","11","1","1","355115536"
"22525","88","http://www.funk.net/eveniet-impedit-dicta-rem-et-in-repellendus","6082","11","1","1","276329710"
"22463","100","https://www.bruen.net/in-modi-reprehenderit-fuga-repellat-est-recusandae-quibusdam-est","2847","11","1","1","422566181"
"22210","28","http://frami.com/nemo-cum-nisi-est-maiores-hic","8661","11","1","1","1200455551"
"22207","98","http://www.halvorson.biz/","6911","11","1","1","1386152301"
"22154","28","https://reichert.com/esse-in-eligendi-sint.html","6233","11","1","1","375514931"
"21734","50","http://www.legros.com/laborum-officia-consequuntur-voluptatem-sapiente-molestiae.html","7677","11","1","1","1505609774"
"21510","74","http://kemmer.com/","9326","11","1","1","1323075566"
"21447","24","http://bins.com/corrupti-molestias-aspernatur-reprehenderit-esse-sed-modi-reiciendis","4917","11","1","1","1524928977"
"21429","83","http://www.hagenes.com/","7917","11","1","1","753701102"
"21167","74","http://www.shanahan.biz/modi-praesentium-omnis-nemo-ipsum.html","3084","11","1","1","104490088"
"21150","7","http://bauch.com/sed-sunt-et-qui-harum-voluptas-occaecati","8522","11","1","1","1474839906"
"21020","61","http://www.grant.com/aspernatur-voluptate-id-numquam-voluptatem.html","7533","11","1","1","235216779"
"20321","29","http://www.heidenreich.com/minus-pariatur-rerum-perspiciatis-vitae-libero-voluptatibus","503","11","1","1","776314428"
"19081","44","http://wunsch.com/et-repudiandae-tempore-quisquam.html","9084","11","1","1","82133042"
"19069","5","http://www.bergnaum.com/","2195","11","1","1","947076827"
"18993","57","http://bartell.com/ullam-porro-dolorem-quia-voluptate-rerum.html","3610","11","1","1","463297396"
"18694","5","http://www.bayer.com/","4577","11","1","1","1341860323"
"18606","38","http://beier.info/minima-suscipit-soluta-quis-molestias-ducimus-earum-qui","2868","11","1","1","865433782"
"18271","12","http://hintz.com/","7993","11","1","1","194996112"
"18187","45","http://www.kulas.biz/pariatur-culpa-maxime-in-et-assumenda-voluptatum-et","6738","11","1","1","92466166"
"17769","85","http://www.bahringer.com/","7579","11","1","1","1306201459"
"17758","14","http://stark.info/dolorem-nihil-magnam-et-in-nesciunt-temporibus","357","11","1","1","331784098"
"17731","94","http://www.bailey.com/omnis-enim-dolores-sit-voluptas-aut-et","371","11","1","1","550930403"
"17721","53","http://kiehn.com/nam-cupiditate-perspiciatis-et-voluptate.html","7410","11","1","1","8305062"
"17614","46","http://grant.com/quod-repellat-necessitatibus-dolor-est-esse-sint-magni-vero.html","9591","11","1","1","102558222"
"16697","44","https://friesen.org/culpa-deleniti-sit-velit-modi-atque-enim-itaque.html","8096","11","1","1","1473805983"
"16645","48","http://www.tromp.info/","349","11","1","1","448645933"
"16361","37","http://www.kilback.org/eligendi-quisquam-et-quisquam","5176","11","1","1","1284620248"
"16316","58","http://okeefe.org/totam-voluptate-esse-neque-ut-et-incidunt-est","4581","11","1","1","1578894625"
"16013","10","http://stamm.com/similique-perspiciatis-voluptates-est-ut.html","5422","11","1","1","850749266"
"15971","30","http://www.wolff.info/","2881","11","1","1","738607389"
"15912","26","https://www.konopelski.com/et-aut-optio-et-nesciunt-excepturi-consequatur-aliquam","2684","11","1","1","1156274197"
"15779","53","http://mitchell.com/numquam-beatae-voluptatum-tempora-qui-aut-sunt","7382","11","1","1","1348100292"
"15741","5","https://www.wilderman.com/neque-a-et-quis-minima-nesciunt-et","4342","11","1","1","1333445244"
"15724","66","http://funk.com/autem-quae-in-quo-suscipit-magnam-atque","7252","11","1","1","400534683"
"15227","36","https://www.stamm.com/consectetur-sed-amet-voluptatem-a-atque-et-quam","2257","11","1","1","242667399"
"15020","56","http://www.kiehn.com/sunt-sit-ut-est-dicta-eaque-odio-ut.html","3650","11","1","1","505862740"
"14989","1","http://www.schmitt.com/voluptas-qui-ducimus-iusto-sed-aut","8942","11","1","1","1475977066"
"14881","80","http://schaden.com/excepturi-omnis-provident-reprehenderit-voluptas-non","3685","11","1","1","399204077"
"14880","42","http://www.olson.info/ut-itaque-voluptatem-voluptatem-aliquid-voluptatum","1716","11","1","1","942856083"
"14459","93","http://klein.biz/iusto-id-dolorem-beatae-ad","78","11","1","1","1011552051"
"14333","91","http://reilly.com/facere-magnam-itaque-dolorem-dolorem-non-voluptas-in-qui","4633","11","1","1","1472899984"
"14112","20","https://www.quitzon.com/et-distinctio-dignissimos-placeat-ea-est-ut-eveniet","6589","11","1","1","416198932"
"13869","83","https://howell.org/doloribus-dolores-soluta-quasi-illo-perspiciatis-voluptatem-iusto.html","9670","11","1","1","95573285"
"13760","57","http://www.stracke.com/dolorem-dolor-illum-fugit-itaque.html","1767","11","1","1","1302782585"
"13423","34","http://www.crist.org/ut-iure-perspiciatis-nihil-id-totam-odit.html","6733","11","1","1","1245375699"
"13289","30","http://www.rolfson.com/dolor-animi-omnis-laudantium-dolor-quidem-id-iure","3844","11","1","1","1554650386"
"13090","83","http://www.kulas.com/rerum-repellendus-vel-nostrum-quis-non-unde","8556","11","1","1","1166607420"
"13013","75","http://www.zboncak.com/animi-at-reprehenderit-ea-et-et-non-distinctio-cum","6069","11","1","1","1460020961"
"12374","33","http://boyle.info/provident-quaerat-odit-velit-harum","7902","11","1","1","1496934709"
"12356","22","http://wolff.com/","4266","11","1","1","148552974"
"12338","32","http://simonis.com/aliquid-et-sint-quis-quos.html","9314","11","1","1","620422616"
"12144","57","http://www.cartwright.com/dolor-sit-ipsam-eum-vero-voluptas","7169","11","1","1","621730969"
"12142","22","http://hansen.com/alias-dolorem-architecto-harum.html","651","11","1","1","109321115"
"12105","5","http://bogisich.com/laborum-et-laborum-qui","952","11","1","1","1172184691"
"11936","49","http://www.altenwerth.info/","2460","11","1","1","564354138"
"11587","58","http://wisozk.net/hic-ut-maxime-consequuntur-ut.html","7743","11","1","1","403063830"
"11559","13","http://wisozk.com/eligendi-corporis-mollitia-quasi-id-asperiores","4385","11","1","1","548746037"
"11544","79","http://mclaughlin.com/","6631","11","1","1","1087801921"
"11476","83","http://rolfson.org/sed-culpa-quae-dignissimos-corporis-repellendus-enim-suscipit","2834","11","1","1","166440830"
"11432","77","http://www.rowe.com/quis-veritatis-deserunt-voluptatum-corrupti-voluptas-necessitatibus-ea.html","1343","11","1","1","1085617573"
"11371","68","http://cremin.com/ut-odit-et-quas-ut","6663","11","1","1","1176709036"
"11065","3","http://www.wilkinson.net/hic-perferendis-qui-aspernatur-impedit-sunt-quasi.html","6760","11","1","1","130215524"
"11049","2","http://bogisich.com/reiciendis-optio-totam-ea-consectetur-aliquam.html","4846","11","1","1","237140071"
"10642","46","https://osinski.com/velit-mollitia-voluptatibus-esse-et-libero-aut.html","1904","11","1","1","926978489"
"10637","48","http://wuckert.com/porro-labore-nostrum-rerum-ducimus","2087","11","1","1","905462126"
"10414","61","http://www.stamm.com/voluptatem-omnis-possimus-consectetur-suscipit-vero.html","7942","11","1","1","1172685533"
"10384","55","https://www.wintheiser.biz/debitis-eum-id-cum-officiis-eos","5020","11","1","1","1315058466"
"10237","64","https://www.hartmann.com/et-repudiandae-error-aut-officia-ea-soluta","6391","11","1","1","829425359"
"9849","83","http://ward.com/maxime-vero-et-qui-et-pariatur-eius-deleniti.html","816","11","1","1","1328267234"
"9687","88","http://www.gerlach.com/pariatur-voluptatibus-nostrum-quis-soluta.html","6386","11","1","1","1554621078"
"9299","83","http://lowe.biz/","8240","11","1","1","1086640227"
"8717","6","https://wuckert.com/dolorum-qui-et-est-rerum.html","6681","11","1","1","708791941"
"8651","72","http://hoppe.info/","9066","11","1","1","119633674"
"8064","46","http://www.bernhard.com/ipsam-autem-ea-et-totam-atque","6284","11","1","1","987456492"
"8030","85","http://www.olson.com/","9575","11","1","1","1070720301"
"7786","41","http://kautzer.com/","7180","11","1","1","953684188"
"7654","30","https://mcclure.com/ut-non-fugiat-nisi-et.html","5309","11","1","1","409368519"
"7588","37","http://bailey.biz/officia-quia-velit-aliquam-ut-quis-nostrum","8722","11","1","1","1468026129"
"7399","87","https://mueller.org/quam-laborum-veniam-adipisci-et-magnam-dolor-architecto.html","6122","11","1","1","373031556"
"7268","21","http://nader.com/natus-minima-officiis-sit-ratione-sit-eius","9181","11","1","1","533633392"
"7261","41","http://waters.biz/dolores-ullam-ut-quae-velit-possimus-sit-non.html","6331","11","1","1","1301988514"
"7057","30","http://www.hermiston.com/","2534","11","1","1","431515275"
"6951","33","http://www.will.org/consequatur-voluptas-nam-fuga-est-in-libero-dignissimos","2647","11","1","1","275230524"
"6891","58","http://larkin.org/voluptatem-nihil-in-ipsum-expedita-omnis","8795","11","1","1","1496032247"
"6607","86","http://www.macejkovic.com/","9951","11","1","1","1382255176"
"6536","88","http://gislason.info/","352","11","1","1","703169035"
"6111","99","https://www.funk.com/ut-atque-id-commodi","8033","11","1","1","818936424"
"5821","77","http://www.anderson.info/illo-nostrum-tenetur-incidunt-cumque-facere-fugit-maxime.html","9137","11","1","1","273040995"
"5815","41","http://mccullough.net/velit-eligendi-ex-ipsa-doloremque-sit-optio","7037","11","1","1","1471072171"
"5717","27","http://www.williamson.com/","9073","11","1","1","720711343"
"5694","40","https://bergnaum.com/qui-non-beatae-aspernatur-cumque-et-totam-nobis-maxime.html","9756","11","1","1","951665695"
"5584","76","http://mckenzie.com/atque-aliquid-in-est-quidem-natus-aperiam-amet-consequatur.html","6236","11","1","1","471328428"
"5448","56","http://feeney.org/asperiores-qui-tenetur-ut-explicabo-praesentium-dolorem-doloremque.html","9989","11","1","1","1301070308"
"5338","75","http://www.hyatt.net/ab-provident-omnis-velit-ad-dolores-saepe-ut.html","711","11","1","1","888373102"
"5320","30","http://eichmann.com/eos-veniam-quasi-optio-nostrum.html","8985","11","1","1","1027757451"
"5190","66","http://lynch.biz/omnis-ipsam-atque-voluptas-ut-eius-facilis.html","6924","11","1","1","481892212"
"4764","70","http://osinski.info/ut-quos-est-totam-consequuntur","6582","11","1","1","1307214221"
"4741","93","http://bailey.net/ullam-nisi-sed-est-consequatur-quaerat-labore","2697","11","1","1","878858505"
"4734","63","http://www.keeling.com/in-debitis-voluptas-sapiente-consequatur-enim-ut.html","101","11","1","1","53191174"
"4647","30","http://www.hoppe.com/","2637","11","1","1","1263521423"
"4498","88","http://www.bogan.com/quibusdam-sit-rem-qui-doloribus-omnis","6710","11","1","1","89440188"
"4488","41","http://glover.com/","1213","11","1","1","1365920652"
"4037","58","https://www.gaylord.com/sequi-consequatur-quam-architecto-magnam","2084","11","1","1","1394605766"
"3938","71","http://www.hoeger.com/omnis-commodi-explicabo-amet-architecto-ipsum","4747","11","1","1","727478901"
"3647","50","http://steuber.org/","4282","11","1","1","404098673"
"3569","34","https://abshire.com/exercitationem-doloribus-neque-consequuntur.html","793","11","1","1","604209247"
"3492","16","http://white.info/itaque-possimus-suscipit-quas-rerum","720","11","1","1","544980715"
"3413","13","http://feeney.com/dolore-aut-quia-perspiciatis-iure-neque-voluptatem","7966","11","1","1","664493915"
"3355","60","http://cassin.info/aut-nisi-dolores-iusto-dignissimos-accusamus-eos-in.html","9132","11","1","1","1352479186"
"3346","46","http://www.schimmel.org/ducimus-temporibus-iste-aliquam-sunt","3312","11","1","1","207926979"
"2960","35","http://www.oberbrunner.biz/","2021","11","1","1","576281876"
"2729","16","http://www.kiehn.net/amet-aspernatur-et-possimus-cum-asperiores-voluptates-aliquid","9196","11","1","1","354544108"
"2318","94","http://hettinger.org/nesciunt-autem-iusto-labore-vel-et","5245","11","1","1","503155977"
"1970","53","http://www.bahringer.com/ut-voluptatem-voluptates-recusandae-deleniti-et-et-quisquam","7608","11","1","1","709297328"
"1719","12","http://www.emmerich.org/et-cupiditate-sunt-et-blanditiis-autem","2642","11","1","1","208918583"
"1696","29","http://www.dooley.com/modi-error-soluta-rerum-dolor-veritatis.html","7556","11","1","1","195619281"
"1676","18","http://grant.com/temporibus-maiores-pariatur-non-sit-veritatis-qui-corrupti","9791","11","1","1","701763091"
"1605","88","http://muller.com/","5520","11","1","1","558771854"
"1595","65","http://kling.com/omnis-eum-commodi-rerum-ea-ullam-nam-alias.html","8176","11","1","1","972133057"
"1544","76","https://gleichner.org/facilis-aut-et-odit-explicabo-ab-aspernatur.html","4032","11","1","1","938509092"
"1531","29","http://www.dare.com/","5248","11","1","1","1002347921"
"1462","9","http://rosenbaum.net/quia-aut-voluptas-accusamus-nam-accusantium-aut-officiis.html","8123","11","1","1","1526195776"
"1423","89","http://cole.com/neque-modi-aut-voluptas.html","5539","11","1","1","898274821"
"1096","48","http://pfeffer.com/amet-velit-consequatur-quidem","7313","11","1","1","1553766350"
"916","32","http://lockman.com/ut-dicta-a-vero-inventore-reprehenderit-porro-sit-et","8190","11","1","1","428596471"
"908","23","https://franecki.info/ea-dicta-ut-voluptas-ut-dicta-aliquid.html","1180","11","1","1","26118656"
"865","76","http://murphy.com/dolores-sed-saepe-officiis-non-nulla-occaecati","6195","11","1","1","253527052"
"779","22","http://dietrich.biz/aperiam-quis-sunt-quia-molestias-temporibus-quis-consequuntur","2053","11","1","1","1170855716"
"741","66","http://www.franecki.info/eos-qui-voluptate-perferendis-distinctio-facilis","1170","11","1","1","828414923"
"725","32","http://www.kirlin.com/","1545","11","1","1","797428851"
"446","39","https://www.towne.com/corporis-voluptas-ratione-in-omnis-accusantium-aut-ut","2944","11","1","1","1503839285"
"253","93","http://maggio.com/nemo-laudantium-minima-laboriosam-rerum-dolores","5465","11","1","1","1115117387"
"179","4","http://www.parker.org/","6492","11","1","1","328741961"
"78","35","http://www.kessler.biz/totam-et-esse-quam-qui-beatae-enim.html","698","11","1","1","542370852"